[
{
  "model": "accounts.user",
  "pk": 1,
  "fields": {
    "password": "pbkdf2_sha256$1200000$1AeEzfsKvOcDSFKaZut47P$nNN2dYGWJoU218Q8GTBq2cabDCwJ2GquSwhp68zHE/s=",
    "is_superuser": true,
    "first_name": "Aditya",
    "last_name": "Verma",
    "username": "aditya",
    "email": "vermaadiitya13678@gmail.com",
    "phone_number": "",
    "role": null,
    "date_joined": "2026-02-13T09:36:25.932Z",
    "last_login": "2026-04-14T18:20:12.967Z",
    "is_admin": true,
    "is_staff": true,
    "is_active": true,
    "groups": [],
    "user_permissions": []
  }
},
{
  "model": "accounts.user",
  "pk": 21,
  "fields": {
    "password": "pbkdf2_sha256$1200000$Bsbd5G88VDwM5p93ZPHrFj$DlginwUo9GKAWXl/y3/ZSowdjABCuirOJ5G9oeKwqpA=",
    "is_superuser": false,
    "first_name": "Jhon",
    "last_name": "Doe",
    "username": "firstCustomer",
    "email": "djangogreatkart2004@gmail.com",
    "phone_number": "2345585807",
    "role": 2,
    "date_joined": "2026-03-03T12:22:43.106Z",
    "last_login": "2026-04-15T06:22:51.803Z",
    "is_admin": false,
    "is_staff": false,
    "is_active": true,
    "groups": [],
    "user_permissions": []
  }
},
{
  "model": "accounts.user",
  "pk": 22,
  "fields": {
    "password": "pbkdf2_sha256$1200000$p6imO3w5XVTARi312PKCh5$lDbMLGIGe51ubBImKwKHWvqSgoEwCrwLPGwxQrlpVvg=",
    "is_superuser": false,
    "first_name": "Akshat",
    "last_name": "Sharma",
    "username": "Akshat",
    "email": "work16812@gmail.com",
    "phone_number": "",
    "role": 1,
    "date_joined": "2026-03-03T12:41:34.033Z",
    "last_login": "2026-04-14T11:59:54.185Z",
    "is_admin": false,
    "is_staff": false,
    "is_active": true,
    "groups": [],
    "user_permissions": []
  }
},
{
  "model": "accounts.user",
  "pk": 23,
  "fields": {
    "password": "pbkdf2_sha256$1200000$mEGUAjwr58cdguzgtpQlHa$ZZOsOlO+P8wB4l/XTf1LBtDQXFKPdcdPf92j9czrwBA=",
    "is_superuser": false,
    "first_name": "Aditya",
    "last_name": "Birla",
    "username": "The Social Plate",
    "email": "adityaaverma534534@gmail.com",
    "phone_number": "",
    "role": 1,
    "date_joined": "2026-03-27T09:42:45.725Z",
    "last_login": "2026-04-14T10:55:48.839Z",
    "is_admin": false,
    "is_staff": false,
    "is_active": true,
    "groups": [],
    "user_permissions": []
  }
},
{
  "model": "accounts.user",
  "pk": 25,
  "fields": {
    "password": "pbkdf2_sha256$1200000$9Zoql9O5koEQ0OmXuFiCeM$Ayoxlre0VC+s5nL1ql36dapmZYoVw3tTOWUnxrr6fIM=",
    "is_superuser": false,
    "first_name": "Aditya",
    "last_name": "Verma",
    "username": "Whyrat",
    "email": "lilav29553@izkat.com",
    "phone_number": "",
    "role": 2,
    "date_joined": "2026-03-29T10:09:10.356Z",
    "last_login": "2026-04-14T16:38:51.971Z",
    "is_admin": false,
    "is_staff": false,
    "is_active": true,
    "groups": [],
    "user_permissions": []
  }
},
{
  "model": "accounts.user",
  "pk": 26,
  "fields": {
    "password": "pbkdf2_sha256$1200000$HmX2T7sdlynYgrMaINwZl5$9Pmd31sMpiRXXHtkfobJZ1QfnwqV6LfLYtRpsNkQsIE=",
    "is_superuser": false,
    "first_name": "Burger",
    "last_name": "King",
    "username": "Burger King",
    "email": "ledav35289@flownue.com",
    "phone_number": "",
    "role": 1,
    "date_joined": "2026-03-31T10:51:55.831Z",
    "last_login": "2026-04-14T10:56:01.855Z",
    "is_admin": false,
    "is_staff": false,
    "is_active": true,
    "groups": [],
    "user_permissions": []
  }
},
{
  "model": "accounts.user",
  "pk": 30,
  "fields": {
    "password": "pbkdf2_sha256$1200000$O9BKgXHbXysTbMPVfX5KRt$ZvDBybfP3jRB4tvRvi5KGWdMUzqlynFuGczF2bS5aeU=",
    "is_superuser": false,
    "first_name": "McDonald's",
    "last_name": "McDonald's",
    "username": "McDonald's",
    "email": "hisimof366@sskaid.com",
    "phone_number": "",
    "role": 1,
    "date_joined": "2026-04-15T06:14:38.238Z",
    "last_login": "2026-04-15T06:15:20.501Z",
    "is_admin": false,
    "is_staff": false,
    "is_active": true,
    "groups": [],
    "user_permissions": []
  }
},
{
  "model": "accounts.userprofile",
  "pk": 13,
  "fields": {
    "user": [
      "vermaadiitya13678@gmail.com"
    ],
    "profile_picture": "",
    "cover_photo": "",
    "address": null,
    "country": null,
    "state": null,
    "city": null,
    "pincode": null,
    "latitude": null,
    "longitude": null,
    "location": null,
    "created_at": "2026-03-01T10:41:26.759Z",
    "modified_at": "2026-04-14T18:20:13.060Z"
  }
},
{
  "model": "accounts.userprofile",
  "pk": 18,
  "fields": {
    "user": [
      "djangogreatkart2004@gmail.com"
    ],
    "profile_picture": "users/profile_pictures/images.png",
    "cover_photo": "users/cover_photos/download_4.jpg",
    "address": "Greater Noida, Gautam Buddha Nagar, Uttar Pradesh, 201310, India",
    "country": "India",
    "state": "Uttar Pradesh",
    "city": "Greater Noida",
    "pincode": "201310",
    "latitude": "28.4670734",
    "longitude": "77.5137649",
    "location": "SRID=4326;POINT (77.5137649 28.4670734)",
    "created_at": "2026-03-03T12:22:43.118Z",
    "modified_at": "2026-04-15T06:22:52.072Z"
  }
},
{
  "model": "accounts.userprofile",
  "pk": 19,
  "fields": {
    "user": [
      "work16812@gmail.com"
    ],
    "profile_picture": "users/profile_pictures/profile-pic_biryaniBlues.png",
    "cover_photo": "users/cover_photos/83891725809a1ade629dc60ac9a5a1a8.avif",
    "address": "Varanasi, Sadar, Varanasi, Uttar Pradesh, 221001, India",
    "country": "India",
    "state": "Uttar Pradesh",
    "city": "Varanasi",
    "pincode": "221001",
    "latitude": "25.3356491",
    "longitude": "83.0076292",
    "location": "SRID=4326;POINT (83.0076292 25.3356491)",
    "created_at": "2026-03-03T12:41:34.065Z",
    "modified_at": "2026-04-14T11:59:54.202Z"
  }
},
{
  "model": "accounts.userprofile",
  "pk": 20,
  "fields": {
    "user": [
      "adityaaverma534534@gmail.com"
    ],
    "profile_picture": "users/profile_pictures/ChatGPT_Image_Mar_28_2026_12_23_40_PM.png",
    "cover_photo": "users/cover_photos/Screenshot_2026-03-28_144108.png",
    "address": "Greater Noida, Gautam Buddha Nagar, Uttar Pradesh, 201310, India",
    "country": "India",
    "state": "Uttar Pradesh",
    "city": "Greater Noida",
    "pincode": "201310",
    "latitude": "28.4670734",
    "longitude": "77.5137649",
    "location": "SRID=4326;POINT (77.5137649 28.4670734)",
    "created_at": "2026-03-27T09:42:45.747Z",
    "modified_at": "2026-04-14T10:55:48.852Z"
  }
},
{
  "model": "accounts.userprofile",
  "pk": 22,
  "fields": {
    "user": [
      "lilav29553@izkat.com"
    ],
    "profile_picture": "",
    "cover_photo": "",
    "address": null,
    "country": null,
    "state": null,
    "city": null,
    "pincode": null,
    "latitude": null,
    "longitude": null,
    "location": null,
    "created_at": "2026-03-29T10:09:10.360Z",
    "modified_at": "2026-04-14T16:38:52.001Z"
  }
},
{
  "model": "accounts.userprofile",
  "pk": 23,
  "fields": {
    "user": [
      "ledav35289@flownue.com"
    ],
    "profile_picture": "users/profile_pictures/burgerking-logo.png",
    "cover_photo": "users/cover_photos/download_3.jpg",
    "address": "Haryana, India",
    "country": "India",
    "state": "Haryana",
    "city": "Paposa",
    "pincode": "127035",
    "latitude": "29.0000000",
    "longitude": "76.0000000",
    "location": "SRID=4326;POINT (76 29)",
    "created_at": "2026-03-31T10:51:55.870Z",
    "modified_at": "2026-04-14T10:56:01.872Z"
  }
},
{
  "model": "accounts.userprofile",
  "pk": 27,
  "fields": {
    "user": [
      "hisimof366@sskaid.com"
    ],
    "profile_picture": "users/profile_pictures/mcdonalds-logo-design-template-c03c253e9d3c73bacdf4d3499e6a0b72_s_vS4hVhu.jpg",
    "cover_photo": "users/cover_photos/cover-photo24-150x150.jpg",
    "address": "Noida, Dadri, Gautam Buddha Nagar, Uttar Pradesh, India",
    "country": "India",
    "state": "Uttar Pradesh",
    "city": "Noida",
    "pincode": "201313",
    "latitude": "28.5706333",
    "longitude": "77.3272147",
    "location": "SRID=4326;POINT (77.3272147 28.5706333)",
    "created_at": "2026-04-15T06:14:38.248Z",
    "modified_at": "2026-04-15T06:17:17.697Z"
  }
},
{
  "model": "vendor.vendor",
  "pk": 4,
  "fields": {
    "user": [
      "work16812@gmail.com"
    ],
    "user_profile": 19,
    "vendor_name": "Biryani Blues",
    "vendor_slug": "biryani-blues",
    "vendor_license": "vendor/license/ChatGPT_Image_Mar_5_2026_03_30_23_PM.png",
    "is_approved": true,
    "created_at": "2026-03-03T12:41:34.149Z",
    "modified_at": "2026-03-28T05:54:27.197Z"
  }
},
{
  "model": "vendor.vendor",
  "pk": 5,
  "fields": {
    "user": [
      "adityaaverma534534@gmail.com"
    ],
    "user_profile": 20,
    "vendor_name": "The Social Plate",
    "vendor_slug": "the-social-plate",
    "vendor_license": "vendor/license/placeholder.jpg",
    "is_approved": true,
    "created_at": "2026-03-27T10:51:50.223Z",
    "modified_at": "2026-04-02T10:41:49.757Z"
  }
},
{
  "model": "vendor.vendor",
  "pk": 7,
  "fields": {
    "user": [
      "ledav35289@flownue.com"
    ],
    "user_profile": 23,
    "vendor_name": "Burger King",
    "vendor_slug": "burger-king-26",
    "vendor_license": "vendor/license/rms_licesnse.png",
    "is_approved": true,
    "created_at": "2026-03-31T10:51:56.058Z",
    "modified_at": "2026-03-31T11:01:57.423Z"
  }
},
{
  "model": "vendor.vendor",
  "pk": 11,
  "fields": {
    "user": [
      "hisimof366@sskaid.com"
    ],
    "user_profile": 27,
    "vendor_name": "McDonald's",
    "vendor_slug": "mcdonalds-30",
    "vendor_license": "vendor/license/rms_licesnse_mHeMxHu.png",
    "is_approved": true,
    "created_at": "2026-04-15T06:14:38.389Z",
    "modified_at": "2026-04-15T06:17:41.416Z"
  }
},
{
  "model": "vendor.openinghour",
  "pk": 3,
  "fields": {
    "vendor": 5,
    "day": 1,
    "from_hour": "09:00 AM",
    "to_hour": "10:00 PM",
    "is_closed": false
  }
},
{
  "model": "vendor.openinghour",
  "pk": 4,
  "fields": {
    "vendor": 5,
    "day": 2,
    "from_hour": "09:00 AM",
    "to_hour": "10:00 PM",
    "is_closed": false
  }
},
{
  "model": "vendor.openinghour",
  "pk": 5,
  "fields": {
    "vendor": 5,
    "day": 5,
    "from_hour": "09:00 AM",
    "to_hour": "11:54 PM",
    "is_closed": false
  }
},
{
  "model": "vendor.openinghour",
  "pk": 6,
  "fields": {
    "vendor": 5,
    "day": 6,
    "from_hour": "09:00 AM",
    "to_hour": "10:00 PM",
    "is_closed": false
  }
},
{
  "model": "vendor.openinghour",
  "pk": 7,
  "fields": {
    "vendor": 7,
    "day": 1,
    "from_hour": "09:00 AM",
    "to_hour": "10:00 PM",
    "is_closed": false
  }
},
{
  "model": "vendor.openinghour",
  "pk": 8,
  "fields": {
    "vendor": 7,
    "day": 2,
    "from_hour": "09:00 AM",
    "to_hour": "10:00 PM",
    "is_closed": false
  }
},
{
  "model": "vendor.openinghour",
  "pk": 11,
  "fields": {
    "vendor": 7,
    "day": 3,
    "from_hour": "09:00 AM",
    "to_hour": "10:00 PM",
    "is_closed": false
  }
},
{
  "model": "vendor.openinghour",
  "pk": 12,
  "fields": {
    "vendor": 7,
    "day": 4,
    "from_hour": "09:00 AM",
    "to_hour": "10:00 PM",
    "is_closed": false
  }
},
{
  "model": "vendor.openinghour",
  "pk": 13,
  "fields": {
    "vendor": 7,
    "day": 5,
    "from_hour": "09:00 AM",
    "to_hour": "10:00 PM",
    "is_closed": false
  }
},
{
  "model": "vendor.openinghour",
  "pk": 14,
  "fields": {
    "vendor": 7,
    "day": 6,
    "from_hour": "",
    "to_hour": "",
    "is_closed": true
  }
},
{
  "model": "vendor.openinghour",
  "pk": 15,
  "fields": {
    "vendor": 7,
    "day": 7,
    "from_hour": "",
    "to_hour": "",
    "is_closed": true
  }
},
{
  "model": "vendor.openinghour",
  "pk": 16,
  "fields": {
    "vendor": 4,
    "day": 1,
    "from_hour": "09:00 AM",
    "to_hour": "10:00 PM",
    "is_closed": false
  }
},
{
  "model": "vendor.openinghour",
  "pk": 17,
  "fields": {
    "vendor": 4,
    "day": 2,
    "from_hour": "09:00 AM",
    "to_hour": "10:00 PM",
    "is_closed": false
  }
},
{
  "model": "vendor.openinghour",
  "pk": 18,
  "fields": {
    "vendor": 4,
    "day": 3,
    "from_hour": "09:00 AM",
    "to_hour": "10:00 PM",
    "is_closed": false
  }
},
{
  "model": "vendor.openinghour",
  "pk": 19,
  "fields": {
    "vendor": 4,
    "day": 4,
    "from_hour": "09:00 AM",
    "to_hour": "10:00 PM",
    "is_closed": false
  }
},
{
  "model": "vendor.openinghour",
  "pk": 20,
  "fields": {
    "vendor": 4,
    "day": 5,
    "from_hour": "09:00 AM",
    "to_hour": "10:00 PM",
    "is_closed": false
  }
},
{
  "model": "vendor.openinghour",
  "pk": 21,
  "fields": {
    "vendor": 4,
    "day": 6,
    "from_hour": "09:00 AM",
    "to_hour": "10:00 PM",
    "is_closed": false
  }
},
{
  "model": "vendor.openinghour",
  "pk": 22,
  "fields": {
    "vendor": 4,
    "day": 7,
    "from_hour": "",
    "to_hour": "",
    "is_closed": true
  }
},
{
  "model": "vendor.openinghour",
  "pk": 23,
  "fields": {
    "vendor": 5,
    "day": 3,
    "from_hour": "09:00 AM",
    "to_hour": "10:00 PM",
    "is_closed": false
  }
},
{
  "model": "vendor.openinghour",
  "pk": 24,
  "fields": {
    "vendor": 5,
    "day": 4,
    "from_hour": "09:00 AM",
    "to_hour": "10:00 PM",
    "is_closed": false
  }
},
{
  "model": "vendor.openinghour",
  "pk": 25,
  "fields": {
    "vendor": 5,
    "day": 7,
    "from_hour": "",
    "to_hour": "",
    "is_closed": true
  }
},
{
  "model": "menu.category",
  "pk": 1,
  "fields": {
    "vendor": 4,
    "category_name": "Biryani",
    "slug": "biryani",
    "description": "Rich spiced rice with aromatic flavors.",
    "created_at": "2026-03-13T09:02:42.242Z",
    "updated_at": "2026-03-29T10:33:00.328Z"
  }
},
{
  "model": "menu.category",
  "pk": 6,
  "fields": {
    "vendor": 4,
    "category_name": "Raita",
    "slug": "raita",
    "description": "Cool creamy yogurt dip with mild spices.",
    "created_at": "2026-03-19T10:05:37.352Z",
    "updated_at": "2026-03-29T10:33:16.427Z"
  }
},
{
  "model": "menu.category",
  "pk": 11,
  "fields": {
    "vendor": 4,
    "category_name": "Papad",
    "slug": "papad",
    "description": "Crispy spiced lentil wafers, served roasted or fried.",
    "created_at": "2026-03-29T10:30:53.403Z",
    "updated_at": "2026-03-29T10:31:47.825Z"
  }
},
{
  "model": "menu.category",
  "pk": 12,
  "fields": {
    "vendor": 7,
    "category_name": "Burger",
    "slug": "burger",
    "description": "Juicy grilled patty layered with melted cheese, lettuce, and creamy mayo in a soft bun.",
    "created_at": "2026-03-31T10:58:56.419Z",
    "updated_at": "2026-03-31T10:58:56.419Z"
  }
},
{
  "model": "menu.category",
  "pk": 13,
  "fields": {
    "vendor": 7,
    "category_name": "Fries",
    "slug": "fries",
    "description": "Crispy golden potato fries, lightly salted and served with ketchup or dips.",
    "created_at": "2026-03-31T11:06:23.460Z",
    "updated_at": "2026-03-31T11:06:23.460Z"
  }
},
{
  "model": "menu.category",
  "pk": 14,
  "fields": {
    "vendor": 7,
    "category_name": "Beverage",
    "slug": "beverage",
    "description": "To get chilled",
    "created_at": "2026-03-31T11:10:23.027Z",
    "updated_at": "2026-03-31T11:10:23.027Z"
  }
},
{
  "model": "menu.category",
  "pk": 15,
  "fields": {
    "vendor": 5,
    "category_name": "Paneer dishes",
    "slug": "paneer-dishes",
    "description": "Enjoy Delicious and Pure panner dishes",
    "created_at": "2026-03-31T11:14:37.228Z",
    "updated_at": "2026-03-31T11:14:37.228Z"
  }
},
{
  "model": "menu.category",
  "pk": 16,
  "fields": {
    "vendor": 5,
    "category_name": "Desserts",
    "slug": "desserts",
    "description": "What could better than having deserts after meal..",
    "created_at": "2026-03-31T11:16:48.420Z",
    "updated_at": "2026-03-31T11:16:48.420Z"
  }
},
{
  "model": "menu.category",
  "pk": 17,
  "fields": {
    "vendor": 5,
    "category_name": "Rotis & breads",
    "slug": "rotis-breads",
    "description": "Enjoy cooked roties and bread.",
    "created_at": "2026-03-31T11:20:07.707Z",
    "updated_at": "2026-03-31T11:20:07.707Z"
  }
},
{
  "model": "menu.category",
  "pk": 19,
  "fields": {
    "vendor": 11,
    "category_name": "Mcnuggets",
    "slug": "mcnuggets",
    "description": "mcnuggets",
    "created_at": "2026-04-15T06:15:52.379Z",
    "updated_at": "2026-04-15T06:15:52.379Z"
  }
},
{
  "model": "menu.fooditem",
  "pk": 8,
  "fields": {
    "vendor": 4,
    "category": 1,
    "food_title": "Chicken Biryani",
    "slug": "chicken-biryani",
    "description": "Test",
    "price": "30.00",
    "image": "foodimages/chicken-biryani_vzsAlqF.jpg",
    "is_available": true,
    "created_at": "2026-03-26T10:43:45.518Z",
    "updated_at": "2026-03-26T10:43:45.519Z"
  }
},
{
  "model": "menu.fooditem",
  "pk": 12,
  "fields": {
    "vendor": 4,
    "category": 6,
    "food_title": "Boondi Raita",
    "slug": "boondi-raita",
    "description": "Made with pure boondi and love.",
    "price": "49.00",
    "image": "foodimages/raita_BofeCEn.jpg",
    "is_available": true,
    "created_at": "2026-03-29T10:17:04.222Z",
    "updated_at": "2026-03-29T10:17:04.222Z"
  }
},
{
  "model": "menu.fooditem",
  "pk": 13,
  "fields": {
    "vendor": 4,
    "category": 11,
    "food_title": "Fried Papad",
    "slug": "fried-papad",
    "description": "Crispy thin lentil wafer, lightly spiced and roasted or fried.",
    "price": "19.99",
    "image": "foodimages/papad.jpg",
    "is_available": true,
    "created_at": "2026-03-29T10:35:11.776Z",
    "updated_at": "2026-03-29T10:35:11.776Z"
  }
},
{
  "model": "menu.fooditem",
  "pk": 14,
  "fields": {
    "vendor": 7,
    "category": 12,
    "food_title": "Classic Cheese Burger",
    "slug": "classic-cheese-burger",
    "description": "Juicy patty with cheese and veggies",
    "price": "99.00",
    "image": "foodimages/classic-cheeseburgers-eat-delicious-XL-BLOG0517-b578f43651854aeb8e2e605580094811.jpg",
    "is_available": true,
    "created_at": "2026-03-31T11:01:03.608Z",
    "updated_at": "2026-03-31T11:01:03.608Z"
  }
},
{
  "model": "menu.fooditem",
  "pk": 15,
  "fields": {
    "vendor": 7,
    "category": 12,
    "food_title": "Crispy Chicken Burger",
    "slug": "crispy-chicken-burger",
    "description": "Crispy chicken with lettuce and mayo",
    "price": "69.00",
    "image": "foodimages/MAYO_CHICKEN_BURGER.webp",
    "is_available": true,
    "created_at": "2026-03-31T11:03:40.709Z",
    "updated_at": "2026-03-31T11:05:19.126Z"
  }
},
{
  "model": "menu.fooditem",
  "pk": 16,
  "fields": {
    "vendor": 7,
    "category": 13,
    "food_title": "Classic French Fries",
    "slug": "classic-french-fries",
    "description": "Crispy golden fries with light salt",
    "price": "49.00",
    "image": "foodimages/crispy-french-fries-with-ketchup-closeup.jpg",
    "is_available": true,
    "created_at": "2026-03-31T11:07:17.570Z",
    "updated_at": "2026-03-31T11:07:17.570Z"
  }
},
{
  "model": "menu.fooditem",
  "pk": 17,
  "fields": {
    "vendor": 7,
    "category": 13,
    "food_title": "Cheese Loaded Fries",
    "slug": "cheese-loaded-fries",
    "description": "Crispy fries topped with melted cheese",
    "price": "79.00",
    "image": "foodimages/IMG_9989.webp",
    "is_available": true,
    "created_at": "2026-03-31T11:08:17.282Z",
    "updated_at": "2026-03-31T11:08:17.282Z"
  }
},
{
  "model": "menu.fooditem",
  "pk": 18,
  "fields": {
    "vendor": 7,
    "category": 14,
    "food_title": "Coca Cola",
    "slug": "coca-cola",
    "description": "Chilled fizzy cola with refreshing taste",
    "price": "60.00",
    "image": "foodimages/f7f68178fed944bbc5f7cec7009c3e22.jpg",
    "is_available": true,
    "created_at": "2026-03-31T11:11:10.507Z",
    "updated_at": "2026-03-31T11:11:10.508Z"
  }
},
{
  "model": "menu.fooditem",
  "pk": 19,
  "fields": {
    "vendor": 7,
    "category": 14,
    "food_title": "Pepsi",
    "slug": "pepsi",
    "description": "Chilled fizzy cola with bold refreshing taste",
    "price": "39.00",
    "image": "foodimages/depositphotos_86902694-stock-photo-cold-pepsi-cola-drink-in.jpg",
    "is_available": true,
    "created_at": "2026-03-31T11:11:56.994Z",
    "updated_at": "2026-03-31T11:11:56.994Z"
  }
},
{
  "model": "menu.fooditem",
  "pk": 20,
  "fields": {
    "vendor": 5,
    "category": 15,
    "food_title": "Paneer Butter Masala",
    "slug": "paneer-butter-masala",
    "description": "Creamy paneer curry with rich buttery gravy",
    "price": "199.00",
    "image": "foodimages/34375209303_fe133a2921_o.png",
    "is_available": true,
    "created_at": "2026-03-31T11:15:22.580Z",
    "updated_at": "2026-03-31T11:15:22.580Z"
  }
},
{
  "model": "menu.fooditem",
  "pk": 21,
  "fields": {
    "vendor": 5,
    "category": 15,
    "food_title": "Paneer Tikka",
    "slug": "paneer-tikka",
    "description": "Grilled paneer cubes with smoky spices",
    "price": "149.00",
    "image": "foodimages/Skewers_720x.webp",
    "is_available": true,
    "created_at": "2026-03-31T11:16:10.930Z",
    "updated_at": "2026-03-31T11:16:10.930Z"
  }
},
{
  "model": "menu.fooditem",
  "pk": 22,
  "fields": {
    "vendor": 5,
    "category": 16,
    "food_title": "Chocolate Brownie",
    "slug": "chocolate-brownie",
    "description": "Warm brownie with rich chocolate flavor",
    "price": "89.00",
    "image": "foodimages/brownie-with-vanilla-ice-cream.jpg",
    "is_available": true,
    "created_at": "2026-03-31T11:17:33.539Z",
    "updated_at": "2026-03-31T11:17:33.539Z"
  }
},
{
  "model": "menu.fooditem",
  "pk": 23,
  "fields": {
    "vendor": 5,
    "category": 16,
    "food_title": "Vanilla Ice Cream",
    "slug": "vanilla-ice-cream",
    "description": "Creamy vanilla scoop with smooth texture",
    "price": "99.00",
    "image": "foodimages/vanilla.png",
    "is_available": true,
    "created_at": "2026-03-31T11:19:13.110Z",
    "updated_at": "2026-03-31T11:19:13.110Z"
  }
},
{
  "model": "menu.fooditem",
  "pk": 24,
  "fields": {
    "vendor": 5,
    "category": 17,
    "food_title": "Butter Naan",
    "slug": "butter-naan",
    "description": "Soft naan brushed with melted butter",
    "price": "30.00",
    "image": "foodimages/no-yeast-indian-homemade-garlic-naan-bread-chefdehome-3.jpg",
    "is_available": true,
    "created_at": "2026-03-31T11:20:56.914Z",
    "updated_at": "2026-03-31T11:20:56.914Z"
  }
},
{
  "model": "menu.fooditem",
  "pk": 25,
  "fields": {
    "vendor": 5,
    "category": 17,
    "food_title": "Tandoori Roti",
    "slug": "tandoori-roti",
    "description": "Whole wheat roti baked in tandoor",
    "price": "30.00",
    "image": "foodimages/making-naan-in-tandoor-oven_e870f73c-bd27-4642-a078-25f73f19cac6.jpg",
    "is_available": true,
    "created_at": "2026-03-31T11:21:45.635Z",
    "updated_at": "2026-03-31T11:21:45.635Z"
  }
},
{
  "model": "menu.fooditem",
  "pk": 27,
  "fields": {
    "vendor": 11,
    "category": 19,
    "food_title": "mcnuggets",
    "slug": "mcnuggets",
    "description": "mcnuggets",
    "price": "99.00",
    "image": "foodimages/McNuggets_7fe0taV.jpg",
    "is_available": true,
    "created_at": "2026-04-15T06:16:16.550Z",
    "updated_at": "2026-04-15T06:16:16.550Z"
  }
},
{
  "model": "marketplace.cart",
  "pk": 31,
  "fields": {
    "user": [
      "work16812@gmail.com"
    ],
    "fooditems": 12,
    "quantity": 4,
    "created_at": "2026-03-31T08:46:19.212Z",
    "updated_at": "2026-03-31T09:18:04.920Z"
  }
},
{
  "model": "marketplace.cart",
  "pk": 32,
  "fields": {
    "user": [
      "work16812@gmail.com"
    ],
    "fooditems": 13,
    "quantity": 1,
    "created_at": "2026-03-31T08:46:21.264Z",
    "updated_at": "2026-03-31T09:18:00.611Z"
  }
},
{
  "model": "marketplace.cart",
  "pk": 33,
  "fields": {
    "user": [
      "work16812@gmail.com"
    ],
    "fooditems": 8,
    "quantity": 1,
    "created_at": "2026-03-31T08:46:24.926Z",
    "updated_at": "2026-03-31T08:46:24.926Z"
  }
},
{
  "model": "marketplace.cart",
  "pk": 51,
  "fields": {
    "user": [
      "work16812@gmail.com"
    ],
    "fooditems": 22,
    "quantity": 1,
    "created_at": "2026-04-13T17:43:31.209Z",
    "updated_at": "2026-04-13T17:43:31.209Z"
  }
},
{
  "model": "marketplace.cart",
  "pk": 52,
  "fields": {
    "user": [
      "work16812@gmail.com"
    ],
    "fooditems": 23,
    "quantity": 1,
    "created_at": "2026-04-13T17:43:32.905Z",
    "updated_at": "2026-04-13T17:43:32.905Z"
  }
},
{
  "model": "marketplace.cart",
  "pk": 61,
  "fields": {
    "user": [
      "lilav29553@izkat.com"
    ],
    "fooditems": 12,
    "quantity": 1,
    "created_at": "2026-04-14T16:39:04.823Z",
    "updated_at": "2026-04-14T16:39:04.823Z"
  }
},
{
  "model": "marketplace.cart",
  "pk": 62,
  "fields": {
    "user": [
      "lilav29553@izkat.com"
    ],
    "fooditems": 13,
    "quantity": 1,
    "created_at": "2026-04-14T16:39:06.624Z",
    "updated_at": "2026-04-14T16:39:06.624Z"
  }
},
{
  "model": "marketplace.cart",
  "pk": 76,
  "fields": {
    "user": [
      "djangogreatkart2004@gmail.com"
    ],
    "fooditems": 20,
    "quantity": 1,
    "created_at": "2026-04-15T06:30:25.383Z",
    "updated_at": "2026-04-15T06:30:25.383Z"
  }
},
{
  "model": "marketplace.tax",
  "pk": 1,
  "fields": {
    "tax_type": "CGST",
    "tax_percentage": "9.00",
    "is_active": true
  }
},
{
  "model": "marketplace.tax",
  "pk": 2,
  "fields": {
    "tax_type": "SGST",
    "tax_percentage": "7.00",
    "is_active": true
  }
},
{
  "model": "orders.payment",
  "pk": 1,
  "fields": {
    "user": [
      "djangogreatkart2004@gmail.com"
    ],
    "transaction_id": "44855451CW0792059",
    "payment_method": "PayPal",
    "amount": "194.88",
    "status": "COMPLETED",
    "created_at": "2026-04-13T10:37:28.036Z"
  }
},
{
  "model": "orders.payment",
  "pk": 2,
  "fields": {
    "user": [
      "djangogreatkart2004@gmail.com"
    ],
    "transaction_id": "0UR159773G4530614",
    "payment_method": "PayPal",
    "amount": "114.83",
    "status": "COMPLETED",
    "created_at": "2026-04-13T10:50:01.797Z"
  }
},
{
  "model": "orders.payment",
  "pk": 3,
  "fields": {
    "user": [
      "djangogreatkart2004@gmail.com"
    ],
    "transaction_id": "03M645117A441930E",
    "payment_method": "PayPal",
    "amount": "461.68",
    "status": "COMPLETED",
    "created_at": "2026-04-14T09:09:16.230Z"
  }
},
{
  "model": "orders.payment",
  "pk": 4,
  "fields": {
    "user": [
      "djangogreatkart2004@gmail.com"
    ],
    "transaction_id": "pay_SdKdtmm4SkgnaR",
    "payment_method": "RazorPay",
    "amount": "34.79",
    "status": "COMPLETED",
    "created_at": "2026-04-14T10:00:05.192Z"
  }
},
{
  "model": "orders.payment",
  "pk": 5,
  "fields": {
    "user": [
      "djangogreatkart2004@gmail.com"
    ],
    "transaction_id": "pay_SdLYzJEST86EiT",
    "payment_method": "RazorPay",
    "amount": "264.48",
    "status": "COMPLETED",
    "created_at": "2026-04-14T10:54:03.475Z"
  }
},
{
  "model": "orders.payment",
  "pk": 6,
  "fields": {
    "user": [
      "djangogreatkart2004@gmail.com"
    ],
    "transaction_id": "pay_SdRW9Uf4ccdUXH",
    "payment_method": "RazorPay",
    "amount": "438.48",
    "status": "COMPLETED",
    "created_at": "2026-04-14T16:43:37.430Z"
  }
},
{
  "model": "orders.payment",
  "pk": 7,
  "fields": {
    "user": [
      "djangogreatkart2004@gmail.com"
    ],
    "transaction_id": "pay_SdSHWxpSy1QhdQ",
    "payment_method": "RazorPay",
    "amount": "633.36",
    "status": "COMPLETED",
    "created_at": "2026-04-14T17:28:29.122Z"
  }
},
{
  "model": "orders.payment",
  "pk": 8,
  "fields": {
    "user": [
      "djangogreatkart2004@gmail.com"
    ],
    "transaction_id": "pay_SdfUkqthadRpiY",
    "payment_method": "RazorPay",
    "amount": "713.4",
    "status": "COMPLETED",
    "created_at": "2026-04-15T06:24:01.001Z"
  }
},
{
  "model": "orders.order",
  "pk": 29,
  "fields": {
    "user": [
      "djangogreatkart2004@gmail.com"
    ],
    "payment": 1,
    "order_number": "2026041316064229",
    "first_name": "Jhon",
    "last_name": "Doe",
    "phone": "2345585807",
    "email": "djangogreatkart2004@gmail.com",
    "address": "Greater Noida, Gautam Buddha Nagar, Uttar Pradesh, 201310, India",
    "country": "India",
    "state": "",
    "city": "Greater Noida",
    "pin_code": "201310",
    "total": 194.88,
    "tax_data": {
      "CGST": {
        "9.00": 15.12
      },
      "SGST": {
        "7.00": 11.76
      }
    },
    "total_tax": 26.88,
    "payment_method": "PayPal",
    "status": "Accepted",
    "is_ordered": true,
    "created_at": "2026-04-13T10:36:42.266Z",
    "updated_at": "2026-04-13T10:37:28.047Z",
    "vendors": []
  }
},
{
  "model": "orders.order",
  "pk": 32,
  "fields": {
    "user": [
      "djangogreatkart2004@gmail.com"
    ],
    "payment": null,
    "order_number": "2026041316135632",
    "first_name": "Jhon",
    "last_name": "Doe",
    "phone": "2345585807",
    "email": "djangogreatkart2004@gmail.com",
    "address": "Greater Noida, Gautam Buddha Nagar, Uttar Pradesh, 201310, India",
    "country": "India",
    "state": "",
    "city": "Greater Noida",
    "pin_code": "201310",
    "total": 114.83,
    "tax_data": {
      "CGST": {
        "9.00": 8.91
      },
      "SGST": {
        "7.00": 6.93
      }
    },
    "total_tax": 15.84,
    "payment_method": "PayPal",
    "status": "New",
    "is_ordered": false,
    "created_at": "2026-04-13T10:43:56.224Z",
    "updated_at": "2026-04-13T10:43:56.242Z",
    "vendors": []
  }
},
{
  "model": "orders.order",
  "pk": 35,
  "fields": {
    "user": [
      "djangogreatkart2004@gmail.com"
    ],
    "payment": 2,
    "order_number": "2026041316193035",
    "first_name": "Jhon",
    "last_name": "Doe",
    "phone": "2345585807",
    "email": "djangogreatkart2004@gmail.com",
    "address": "Jammu, Jammu district, Jammu and Kashmir, 180001, India",
    "country": "India",
    "state": "",
    "city": "Jammu",
    "pin_code": "180001",
    "total": 114.83,
    "tax_data": {
      "CGST": {
        "9.00": 8.91
      },
      "SGST": {
        "7.00": 6.93
      }
    },
    "total_tax": 15.84,
    "payment_method": "PayPal",
    "status": "Accepted",
    "is_ordered": true,
    "created_at": "2026-04-13T10:49:30.394Z",
    "updated_at": "2026-04-13T10:50:01.804Z",
    "vendors": []
  }
},
{
  "model": "orders.order",
  "pk": 36,
  "fields": {
    "user": [
      "djangogreatkart2004@gmail.com"
    ],
    "payment": 3,
    "order_number": "2026041414381136",
    "first_name": "Jhon",
    "last_name": "Doe",
    "phone": "2345585807",
    "email": "djangogreatkart2004@gmail.com",
    "address": "Greater Noida, Gautam Buddha Nagar, Uttar Pradesh, 201310, India",
    "country": "India",
    "state": "",
    "city": "Greater Noida",
    "pin_code": "201310",
    "total": 461.68,
    "tax_data": {
      "CGST": {
        "9.00": 35.82
      },
      "SGST": {
        "7.00": 27.86
      }
    },
    "total_tax": 63.68,
    "payment_method": "PayPal",
    "status": "Accepted",
    "is_ordered": true,
    "created_at": "2026-04-14T09:08:11.842Z",
    "updated_at": "2026-04-14T09:09:16.245Z",
    "vendors": []
  }
},
{
  "model": "orders.order",
  "pk": 37,
  "fields": {
    "user": [
      "djangogreatkart2004@gmail.com"
    ],
    "payment": null,
    "order_number": "2026041414404037",
    "first_name": "Jhon",
    "last_name": "Doe",
    "phone": "2345585807",
    "email": "djangogreatkart2004@gmail.com",
    "address": "Greater Noida, Gautam Buddha Nagar, Uttar Pradesh, 201310, India",
    "country": "India",
    "state": "",
    "city": "Greater Noida",
    "pin_code": "201310",
    "total": 34.8,
    "tax_data": {
      "CGST": {
        "9.00": 2.7
      },
      "SGST": {
        "7.00": 2.1
      }
    },
    "total_tax": 4.8,
    "payment_method": "RazorPay",
    "status": "New",
    "is_ordered": false,
    "created_at": "2026-04-14T09:10:40.340Z",
    "updated_at": "2026-04-14T09:10:40.352Z",
    "vendors": []
  }
},
{
  "model": "orders.order",
  "pk": 38,
  "fields": {
    "user": [
      "djangogreatkart2004@gmail.com"
    ],
    "payment": null,
    "order_number": "2026041414484738",
    "first_name": "Jhon",
    "last_name": "Doe",
    "phone": "2345585807",
    "email": "djangogreatkart2004@gmail.com",
    "address": "Greater Noida, Gautam Buddha Nagar, Uttar Pradesh, 201310, India",
    "country": "India",
    "state": "",
    "city": "Greater Noida",
    "pin_code": "201310",
    "total": 34.8,
    "tax_data": {
      "CGST": {
        "9.00": 2.7
      },
      "SGST": {
        "7.00": 2.1
      }
    },
    "total_tax": 4.8,
    "payment_method": "RazorPay",
    "status": "New",
    "is_ordered": false,
    "created_at": "2026-04-14T09:18:47.042Z",
    "updated_at": "2026-04-14T09:18:47.059Z",
    "vendors": []
  }
},
{
  "model": "orders.order",
  "pk": 39,
  "fields": {
    "user": [
      "djangogreatkart2004@gmail.com"
    ],
    "payment": null,
    "order_number": "2026041414490439",
    "first_name": "Jhon",
    "last_name": "Doe",
    "phone": "2345585807",
    "email": "djangogreatkart2004@gmail.com",
    "address": "Greater Noida, Gautam Buddha Nagar, Uttar Pradesh, 201310, India",
    "country": "India",
    "state": "",
    "city": "Greater Noida",
    "pin_code": "201310",
    "total": 34.8,
    "tax_data": {
      "CGST": {
        "9.00": 2.7
      },
      "SGST": {
        "7.00": 2.1
      }
    },
    "total_tax": 4.8,
    "payment_method": "RazorPay",
    "status": "New",
    "is_ordered": false,
    "created_at": "2026-04-14T09:19:04.100Z",
    "updated_at": "2026-04-14T09:19:04.108Z",
    "vendors": []
  }
},
{
  "model": "orders.order",
  "pk": 40,
  "fields": {
    "user": [
      "djangogreatkart2004@gmail.com"
    ],
    "payment": null,
    "order_number": "2026041414494240",
    "first_name": "Jhon",
    "last_name": "Doe",
    "phone": "2345585807",
    "email": "djangogreatkart2004@gmail.com",
    "address": "Greater Noida, Gautam Buddha Nagar, Uttar Pradesh, 201310, India",
    "country": "India",
    "state": "",
    "city": "Greater Noida",
    "pin_code": "201310",
    "total": 34.8,
    "tax_data": {
      "CGST": {
        "9.00": 2.7
      },
      "SGST": {
        "7.00": 2.1
      }
    },
    "total_tax": 4.8,
    "payment_method": "RazorPay",
    "status": "New",
    "is_ordered": false,
    "created_at": "2026-04-14T09:19:42.872Z",
    "updated_at": "2026-04-14T09:19:42.882Z",
    "vendors": []
  }
},
{
  "model": "orders.order",
  "pk": 41,
  "fields": {
    "user": [
      "djangogreatkart2004@gmail.com"
    ],
    "payment": null,
    "order_number": "2026041414504341",
    "first_name": "Jhon",
    "last_name": "Doe",
    "phone": "2345585807",
    "email": "djangogreatkart2004@gmail.com",
    "address": "Greater Noida, Gautam Buddha Nagar, Uttar Pradesh, 201310, India",
    "country": "India",
    "state": "",
    "city": "Greater Noida",
    "pin_code": "201310",
    "total": 34.8,
    "tax_data": {
      "CGST": {
        "9.00": 2.7
      },
      "SGST": {
        "7.00": 2.1
      }
    },
    "total_tax": 4.8,
    "payment_method": "PayPal",
    "status": "New",
    "is_ordered": false,
    "created_at": "2026-04-14T09:20:43.825Z",
    "updated_at": "2026-04-14T09:20:43.841Z",
    "vendors": []
  }
},
{
  "model": "orders.order",
  "pk": 42,
  "fields": {
    "user": [
      "djangogreatkart2004@gmail.com"
    ],
    "payment": null,
    "order_number": "2026041414505242",
    "first_name": "Jhon",
    "last_name": "Doe",
    "phone": "2345585807",
    "email": "djangogreatkart2004@gmail.com",
    "address": "Greater Noida, Gautam Buddha Nagar, Uttar Pradesh, 201310, India",
    "country": "India",
    "state": "",
    "city": "Greater Noida",
    "pin_code": "201310",
    "total": 34.8,
    "tax_data": {
      "CGST": {
        "9.00": 2.7
      },
      "SGST": {
        "7.00": 2.1
      }
    },
    "total_tax": 4.8,
    "payment_method": "RazorPay",
    "status": "New",
    "is_ordered": false,
    "created_at": "2026-04-14T09:20:52.567Z",
    "updated_at": "2026-04-14T09:20:52.576Z",
    "vendors": []
  }
},
{
  "model": "orders.order",
  "pk": 43,
  "fields": {
    "user": [
      "djangogreatkart2004@gmail.com"
    ],
    "payment": null,
    "order_number": "2026041415103843",
    "first_name": "Jhon",
    "last_name": "Doe",
    "phone": "2345585807",
    "email": "djangogreatkart2004@gmail.com",
    "address": "Greater Noida, Gautam Buddha Nagar, Uttar Pradesh, 201310, India",
    "country": "India",
    "state": "",
    "city": "Greater Noida",
    "pin_code": "201310",
    "total": 34.8,
    "tax_data": {
      "CGST": {
        "9.00": 2.7
      },
      "SGST": {
        "7.00": 2.1
      }
    },
    "total_tax": 4.8,
    "payment_method": "RazorPay",
    "status": "New",
    "is_ordered": false,
    "created_at": "2026-04-14T09:40:38.110Z",
    "updated_at": "2026-04-14T09:40:38.132Z",
    "vendors": []
  }
},
{
  "model": "orders.order",
  "pk": 44,
  "fields": {
    "user": [
      "djangogreatkart2004@gmail.com"
    ],
    "payment": null,
    "order_number": "2026041415111444",
    "first_name": "Jhon",
    "last_name": "Doe",
    "phone": "2345585807",
    "email": "djangogreatkart2004@gmail.com",
    "address": "Greater Noida, Gautam Buddha Nagar, Uttar Pradesh, 201310, India",
    "country": "India",
    "state": "",
    "city": "Greater Noida",
    "pin_code": "201310",
    "total": 34.8,
    "tax_data": {
      "CGST": {
        "9.00": 2.7
      },
      "SGST": {
        "7.00": 2.1
      }
    },
    "total_tax": 4.8,
    "payment_method": "PayPal",
    "status": "New",
    "is_ordered": false,
    "created_at": "2026-04-14T09:41:14.680Z",
    "updated_at": "2026-04-14T09:41:14.693Z",
    "vendors": []
  }
},
{
  "model": "orders.order",
  "pk": 45,
  "fields": {
    "user": [
      "djangogreatkart2004@gmail.com"
    ],
    "payment": null,
    "order_number": "2026041415123245",
    "first_name": "Jhon",
    "last_name": "Doe",
    "phone": "2345585807",
    "email": "djangogreatkart2004@gmail.com",
    "address": "Greater Noida, Gautam Buddha Nagar, Uttar Pradesh, 201310, India",
    "country": "India",
    "state": "",
    "city": "Greater Noida",
    "pin_code": "201310",
    "total": 34.8,
    "tax_data": {
      "CGST": {
        "9.00": 2.7
      },
      "SGST": {
        "7.00": 2.1
      }
    },
    "total_tax": 4.8,
    "payment_method": "PayPal",
    "status": "New",
    "is_ordered": false,
    "created_at": "2026-04-14T09:42:32.700Z",
    "updated_at": "2026-04-14T09:42:32.705Z",
    "vendors": []
  }
},
{
  "model": "orders.order",
  "pk": 46,
  "fields": {
    "user": [
      "djangogreatkart2004@gmail.com"
    ],
    "payment": null,
    "order_number": "2026041415124346",
    "first_name": "Jhon",
    "last_name": "Doe",
    "phone": "2345585807",
    "email": "djangogreatkart2004@gmail.com",
    "address": "Greater Noida, Gautam Buddha Nagar, Uttar Pradesh, 201310, India",
    "country": "India",
    "state": "",
    "city": "Greater Noida",
    "pin_code": "201310",
    "total": 34.8,
    "tax_data": {
      "CGST": {
        "9.00": 2.7
      },
      "SGST": {
        "7.00": 2.1
      }
    },
    "total_tax": 4.8,
    "payment_method": "RazorPay",
    "status": "New",
    "is_ordered": false,
    "created_at": "2026-04-14T09:42:43.950Z",
    "updated_at": "2026-04-14T09:42:43.952Z",
    "vendors": []
  }
},
{
  "model": "orders.order",
  "pk": 47,
  "fields": {
    "user": [
      "djangogreatkart2004@gmail.com"
    ],
    "payment": 4,
    "order_number": "2026041415223247",
    "first_name": "Jhon",
    "last_name": "Doe",
    "phone": "2345585807",
    "email": "djangogreatkart2004@gmail.com",
    "address": "Greater Noida, Gautam Buddha Nagar, Uttar Pradesh, 201310, India",
    "country": "India",
    "state": "",
    "city": "Greater Noida",
    "pin_code": "201310",
    "total": 34.8,
    "tax_data": {
      "CGST": {
        "9.00": 2.7
      },
      "SGST": {
        "7.00": 2.1
      }
    },
    "total_tax": 4.8,
    "payment_method": "RazorPay",
    "status": "Accepted",
    "is_ordered": true,
    "created_at": "2026-04-14T09:52:32.737Z",
    "updated_at": "2026-04-14T10:00:05.204Z",
    "vendors": []
  }
},
{
  "model": "orders.order",
  "pk": 48,
  "fields": {
    "user": [
      "djangogreatkart2004@gmail.com"
    ],
    "payment": 5,
    "order_number": "2026041416224548",
    "first_name": "Jhon",
    "last_name": "Doe",
    "phone": "2345585807",
    "email": "djangogreatkart2004@gmail.com",
    "address": "Greater Noida, Gautam Buddha Nagar, Uttar Pradesh, 201310, India",
    "country": "India",
    "state": "",
    "city": "Greater Noida",
    "pin_code": "201310",
    "total": 264.48,
    "tax_data": {
      "CGST": {
        "9.00": 20.52
      },
      "SGST": {
        "7.00": 15.96
      }
    },
    "total_tax": 36.48,
    "payment_method": "RazorPay",
    "status": "Accepted",
    "is_ordered": true,
    "created_at": "2026-04-14T10:52:45.163Z",
    "updated_at": "2026-04-14T10:54:03.480Z",
    "vendors": [
      4,
      7,
      5
    ]
  }
},
{
  "model": "orders.order",
  "pk": 49,
  "fields": {
    "user": [
      "djangogreatkart2004@gmail.com"
    ],
    "payment": null,
    "order_number": "2026041417021449",
    "first_name": "Jhon",
    "last_name": "Doe",
    "phone": "2345585807",
    "email": "djangogreatkart2004@gmail.com",
    "address": "Greater Noida, Gautam Buddha Nagar, Uttar Pradesh, 201310, India",
    "country": "India",
    "state": "",
    "city": "Greater Noida",
    "pin_code": "201310",
    "total": 34.8,
    "tax_data": {
      "CGST": {
        "9.00": 2.7
      },
      "SGST": {
        "7.00": 2.1
      }
    },
    "total_tax": 4.8,
    "payment_method": "PayPal",
    "status": "New",
    "is_ordered": false,
    "created_at": "2026-04-14T11:32:14.703Z",
    "updated_at": "2026-04-14T11:32:14.715Z",
    "vendors": []
  }
},
{
  "model": "orders.order",
  "pk": 50,
  "fields": {
    "user": [
      "djangogreatkart2004@gmail.com"
    ],
    "payment": null,
    "order_number": "2026041417185550",
    "first_name": "Jhon",
    "last_name": "Doe",
    "phone": "2345585807",
    "email": "djangogreatkart2004@gmail.com",
    "address": "Greater Noida, Gautam Buddha Nagar, Uttar Pradesh, 201310, India",
    "country": "India",
    "state": "",
    "city": "Greater Noida",
    "pin_code": "201310",
    "total": 34.8,
    "tax_data": {
      "CGST": {
        "9.00": 2.7
      },
      "SGST": {
        "7.00": 2.1
      }
    },
    "total_tax": 4.8,
    "payment_method": "RazorPay",
    "status": "New",
    "is_ordered": false,
    "created_at": "2026-04-14T11:48:55.001Z",
    "updated_at": "2026-04-14T11:48:55.016Z",
    "vendors": []
  }
},
{
  "model": "orders.order",
  "pk": 51,
  "fields": {
    "user": [
      "djangogreatkart2004@gmail.com"
    ],
    "payment": 6,
    "order_number": "2026041422122851",
    "first_name": "Jhon",
    "last_name": "Doe",
    "phone": "2345585807",
    "email": "djangogreatkart2004@gmail.com",
    "address": "Greater Noida, Gautam Buddha Nagar, Uttar Pradesh, 201310, India",
    "country": "India",
    "state": "",
    "city": "Greater Noida",
    "pin_code": "201310",
    "total": 438.48,
    "tax_data": {
      "CGST": {
        "9.00": 34.02
      },
      "SGST": {
        "7.00": 26.46
      }
    },
    "total_tax": 60.48,
    "payment_method": "RazorPay",
    "status": "Accepted",
    "is_ordered": true,
    "created_at": "2026-04-14T16:42:28.577Z",
    "updated_at": "2026-04-14T16:43:37.464Z",
    "vendors": [
      5
    ]
  }
},
{
  "model": "orders.order",
  "pk": 52,
  "fields": {
    "user": [
      "djangogreatkart2004@gmail.com"
    ],
    "payment": 7,
    "order_number": "2026041422241752",
    "first_name": "Jhon",
    "last_name": "Doe",
    "phone": "2345585807",
    "email": "djangogreatkart2004@gmail.com",
    "address": "Greater Noida, Gautam Buddha Nagar, Uttar Pradesh, 201310, India",
    "country": "India",
    "state": "",
    "city": "Greater Noida",
    "pin_code": "201310",
    "total": 633.36,
    "tax_data": {
      "CGST": {
        "9.00": 49.14
      },
      "SGST": {
        "7.00": 38.22
      }
    },
    "total_tax": 87.36,
    "payment_method": "RazorPay",
    "status": "Completed",
    "is_ordered": true,
    "created_at": "2026-04-14T16:54:17.868Z",
    "updated_at": "2026-04-15T06:43:15.020Z",
    "vendors": [
      7,
      5
    ]
  }
},
{
  "model": "orders.order",
  "pk": 53,
  "fields": {
    "user": [
      "djangogreatkart2004@gmail.com"
    ],
    "payment": null,
    "order_number": "2026041511223653",
    "first_name": "Jhon",
    "last_name": "Doe",
    "phone": "2345585807",
    "email": "djangogreatkart2004@gmail.com",
    "address": "Greater Noida, Gautam Buddha Nagar, Uttar Pradesh, 201310, India",
    "country": "India",
    "state": "",
    "city": "Greater Noida",
    "pin_code": "201310",
    "total": 598.56,
    "tax_data": {
      "CGST": {
        "9.00": 46.44
      },
      "SGST": {
        "7.00": 36.12
      }
    },
    "total_tax": 82.56,
    "payment_method": "PayPal",
    "status": "New",
    "is_ordered": false,
    "created_at": "2026-04-15T05:52:36.898Z",
    "updated_at": "2026-04-15T05:52:36.923Z",
    "vendors": []
  }
},
{
  "model": "orders.order",
  "pk": 54,
  "fields": {
    "user": [
      "djangogreatkart2004@gmail.com"
    ],
    "payment": 8,
    "order_number": "2026041511532654",
    "first_name": "Jhon",
    "last_name": "Doe",
    "phone": "2345585807",
    "email": "djangogreatkart2004@gmail.com",
    "address": "Greater Noida, Gautam Buddha Nagar, Uttar Pradesh, 201310, India",
    "country": "India",
    "state": "",
    "city": "Greater Noida",
    "pin_code": "201310",
    "total": 713.4,
    "tax_data": {
      "CGST": {
        "9.00": 55.35
      },
      "SGST": {
        "7.00": 43.05
      }
    },
    "total_tax": 98.4,
    "payment_method": "RazorPay",
    "status": "Accepted",
    "is_ordered": true,
    "created_at": "2026-04-15T06:23:26.890Z",
    "updated_at": "2026-04-15T06:24:01.005Z",
    "vendors": [
      7,
      5,
      11
    ]
  }
},
{
  "model": "orders.order",
  "pk": 55,
  "fields": {
    "user": [
      "djangogreatkart2004@gmail.com"
    ],
    "payment": null,
    "order_number": "2026041512003755",
    "first_name": "Jhon",
    "last_name": "Doe",
    "phone": "2345585807",
    "email": "djangogreatkart2004@gmail.com",
    "address": "Greater Noida, Gautam Buddha Nagar, Uttar Pradesh, 201310, India",
    "country": "India",
    "state": "",
    "city": "Greater Noida",
    "pin_code": "201310",
    "total": 230.84,
    "tax_data": {
      "CGST": {
        "9.00": 17.91
      },
      "SGST": {
        "7.00": 13.93
      }
    },
    "total_tax": 31.84,
    "payment_method": "RazorPay",
    "status": "New",
    "is_ordered": false,
    "created_at": "2026-04-15T06:30:37.367Z",
    "updated_at": "2026-04-15T06:30:37.417Z",
    "vendors": []
  }
},
{
  "model": "orders.order",
  "pk": 56,
  "fields": {
    "user": [
      "djangogreatkart2004@gmail.com"
    ],
    "payment": null,
    "order_number": "2026041512041256",
    "first_name": "Jhon",
    "last_name": "Doe",
    "phone": "2345585807",
    "email": "djangogreatkart2004@gmail.com",
    "address": "Greater Noida, Gautam Buddha Nagar, Uttar Pradesh, 201310, India",
    "country": "India",
    "state": "",
    "city": "Greater Noida",
    "pin_code": "201310",
    "total": 230.84,
    "tax_data": {
      "CGST": {
        "9.00": 17.91
      },
      "SGST": {
        "7.00": 13.93
      }
    },
    "total_tax": 31.84,
    "payment_method": "RazorPay",
    "status": "New",
    "is_ordered": false,
    "created_at": "2026-04-15T06:34:12.454Z",
    "updated_at": "2026-04-15T06:34:12.457Z",
    "vendors": []
  }
},
{
  "model": "orders.order",
  "pk": 57,
  "fields": {
    "user": [
      "djangogreatkart2004@gmail.com"
    ],
    "payment": null,
    "order_number": "2026041512050757",
    "first_name": "Jhon",
    "last_name": "Doe",
    "phone": "2345585807",
    "email": "djangogreatkart2004@gmail.com",
    "address": "Greater Noida, Gautam Buddha Nagar, Uttar Pradesh, 201310, India",
    "country": "India",
    "state": "",
    "city": "Greater Noida",
    "pin_code": "201310",
    "total": 230.84,
    "tax_data": {
      "CGST": {
        "9.00": 17.91
      },
      "SGST": {
        "7.00": 13.93
      }
    },
    "total_tax": 31.84,
    "payment_method": "RazorPay",
    "status": "New",
    "is_ordered": false,
    "created_at": "2026-04-15T06:35:07.903Z",
    "updated_at": "2026-04-15T06:35:07.908Z",
    "vendors": []
  }
},
{
  "model": "orders.order",
  "pk": 58,
  "fields": {
    "user": [
      "djangogreatkart2004@gmail.com"
    ],
    "payment": null,
    "order_number": "2026041512052658",
    "first_name": "Jhon",
    "last_name": "Doe",
    "phone": "2345585807",
    "email": "djangogreatkart2004@gmail.com",
    "address": "Greater Noida, Gautam Buddha Nagar, Uttar Pradesh, 201310, India",
    "country": "India",
    "state": "",
    "city": "Greater Noida",
    "pin_code": "201310",
    "total": 230.84,
    "tax_data": {
      "CGST": {
        "9.00": 17.91
      },
      "SGST": {
        "7.00": 13.93
      }
    },
    "total_tax": 31.84,
    "payment_method": "RazorPay",
    "status": "New",
    "is_ordered": false,
    "created_at": "2026-04-15T06:35:26.305Z",
    "updated_at": "2026-04-15T06:35:26.314Z",
    "vendors": []
  }
},
{
  "model": "orders.order",
  "pk": 59,
  "fields": {
    "user": [
      "djangogreatkart2004@gmail.com"
    ],
    "payment": null,
    "order_number": "2026041512055559",
    "first_name": "Jhon",
    "last_name": "Doe",
    "phone": "2345585807",
    "email": "djangogreatkart2004@gmail.com",
    "address": "Greater Noida, Gautam Buddha Nagar, Uttar Pradesh, 201310, India",
    "country": "India",
    "state": "",
    "city": "Greater Noida",
    "pin_code": "201310",
    "total": 230.84,
    "tax_data": {
      "CGST": {
        "9.00": 17.91
      },
      "SGST": {
        "7.00": 13.93
      }
    },
    "total_tax": 31.84,
    "payment_method": "RazorPay",
    "status": "New",
    "is_ordered": false,
    "created_at": "2026-04-15T06:35:55.774Z",
    "updated_at": "2026-04-15T06:35:55.783Z",
    "vendors": []
  }
},
{
  "model": "orders.order",
  "pk": 60,
  "fields": {
    "user": [
      "djangogreatkart2004@gmail.com"
    ],
    "payment": null,
    "order_number": "2026041512062560",
    "first_name": "Jhon",
    "last_name": "Doe",
    "phone": "2345585807",
    "email": "djangogreatkart2004@gmail.com",
    "address": "Greater Noida, Gautam Buddha Nagar, Uttar Pradesh, 201310, India",
    "country": "India",
    "state": "",
    "city": "Greater Noida",
    "pin_code": "201310",
    "total": 230.84,
    "tax_data": {
      "CGST": {
        "9.00": 17.91
      },
      "SGST": {
        "7.00": 13.93
      }
    },
    "total_tax": 31.84,
    "payment_method": "PayPal",
    "status": "New",
    "is_ordered": false,
    "created_at": "2026-04-15T06:36:25.763Z",
    "updated_at": "2026-04-15T06:36:25.774Z",
    "vendors": []
  }
},
{
  "model": "orders.orderedfood",
  "pk": 1,
  "fields": {
    "order": 29,
    "payment": 1,
    "user": [
      "djangogreatkart2004@gmail.com"
    ],
    "fooditem": 14,
    "quantity": 1,
    "price": 99.0,
    "amount": 99.0,
    "created_at": "2026-04-13T10:37:28.060Z",
    "updated_at": "2026-04-13T10:37:28.060Z"
  }
},
{
  "model": "orders.orderedfood",
  "pk": 2,
  "fields": {
    "order": 29,
    "payment": 1,
    "user": [
      "djangogreatkart2004@gmail.com"
    ],
    "fooditem": 15,
    "quantity": 1,
    "price": 69.0,
    "amount": 69.0,
    "created_at": "2026-04-13T10:37:28.080Z",
    "updated_at": "2026-04-13T10:37:28.080Z"
  }
},
{
  "model": "orders.orderedfood",
  "pk": 3,
  "fields": {
    "order": 35,
    "payment": 2,
    "user": [
      "djangogreatkart2004@gmail.com"
    ],
    "fooditem": 8,
    "quantity": 1,
    "price": 30.0,
    "amount": 30.0,
    "created_at": "2026-04-13T10:50:01.821Z",
    "updated_at": "2026-04-13T10:50:01.821Z"
  }
},
{
  "model": "orders.orderedfood",
  "pk": 4,
  "fields": {
    "order": 35,
    "payment": 2,
    "user": [
      "djangogreatkart2004@gmail.com"
    ],
    "fooditem": 12,
    "quantity": 1,
    "price": 49.0,
    "amount": 49.0,
    "created_at": "2026-04-13T10:50:01.834Z",
    "updated_at": "2026-04-13T10:50:01.834Z"
  }
},
{
  "model": "orders.orderedfood",
  "pk": 5,
  "fields": {
    "order": 35,
    "payment": 2,
    "user": [
      "djangogreatkart2004@gmail.com"
    ],
    "fooditem": 13,
    "quantity": 1,
    "price": 19.99,
    "amount": 19.99,
    "created_at": "2026-04-13T10:50:01.839Z",
    "updated_at": "2026-04-13T10:50:01.839Z"
  }
},
{
  "model": "orders.orderedfood",
  "pk": 6,
  "fields": {
    "order": 36,
    "payment": 3,
    "user": [
      "djangogreatkart2004@gmail.com"
    ],
    "fooditem": 20,
    "quantity": 2,
    "price": 199.0,
    "amount": 398.0,
    "created_at": "2026-04-14T09:09:16.278Z",
    "updated_at": "2026-04-14T09:09:16.278Z"
  }
},
{
  "model": "orders.orderedfood",
  "pk": 7,
  "fields": {
    "order": 47,
    "payment": 4,
    "user": [
      "djangogreatkart2004@gmail.com"
    ],
    "fooditem": 8,
    "quantity": 1,
    "price": 30.0,
    "amount": 30.0,
    "created_at": "2026-04-14T10:00:05.231Z",
    "updated_at": "2026-04-14T10:00:05.231Z"
  }
},
{
  "model": "orders.orderedfood",
  "pk": 8,
  "fields": {
    "order": 48,
    "payment": 5,
    "user": [
      "djangogreatkart2004@gmail.com"
    ],
    "fooditem": 24,
    "quantity": 1,
    "price": 30.0,
    "amount": 30.0,
    "created_at": "2026-04-14T10:54:03.487Z",
    "updated_at": "2026-04-14T10:54:03.487Z"
  }
},
{
  "model": "orders.orderedfood",
  "pk": 9,
  "fields": {
    "order": 48,
    "payment": 5,
    "user": [
      "djangogreatkart2004@gmail.com"
    ],
    "fooditem": 25,
    "quantity": 1,
    "price": 30.0,
    "amount": 30.0,
    "created_at": "2026-04-14T10:54:03.502Z",
    "updated_at": "2026-04-14T10:54:03.502Z"
  }
},
{
  "model": "orders.orderedfood",
  "pk": 10,
  "fields": {
    "order": 48,
    "payment": 5,
    "user": [
      "djangogreatkart2004@gmail.com"
    ],
    "fooditem": 8,
    "quantity": 1,
    "price": 30.0,
    "amount": 30.0,
    "created_at": "2026-04-14T10:54:03.502Z",
    "updated_at": "2026-04-14T10:54:03.502Z"
  }
},
{
  "model": "orders.orderedfood",
  "pk": 11,
  "fields": {
    "order": 48,
    "payment": 5,
    "user": [
      "djangogreatkart2004@gmail.com"
    ],
    "fooditem": 14,
    "quantity": 1,
    "price": 99.0,
    "amount": 99.0,
    "created_at": "2026-04-14T10:54:03.518Z",
    "updated_at": "2026-04-14T10:54:03.518Z"
  }
},
{
  "model": "orders.orderedfood",
  "pk": 12,
  "fields": {
    "order": 48,
    "payment": 5,
    "user": [
      "djangogreatkart2004@gmail.com"
    ],
    "fooditem": 19,
    "quantity": 1,
    "price": 39.0,
    "amount": 39.0,
    "created_at": "2026-04-14T10:54:03.518Z",
    "updated_at": "2026-04-14T10:54:03.518Z"
  }
},
{
  "model": "orders.orderedfood",
  "pk": 13,
  "fields": {
    "order": 51,
    "payment": 6,
    "user": [
      "djangogreatkart2004@gmail.com"
    ],
    "fooditem": 20,
    "quantity": 1,
    "price": 199.0,
    "amount": 199.0,
    "created_at": "2026-04-14T16:43:37.503Z",
    "updated_at": "2026-04-14T16:43:37.503Z"
  }
},
{
  "model": "orders.orderedfood",
  "pk": 14,
  "fields": {
    "order": 51,
    "payment": 6,
    "user": [
      "djangogreatkart2004@gmail.com"
    ],
    "fooditem": 21,
    "quantity": 1,
    "price": 149.0,
    "amount": 149.0,
    "created_at": "2026-04-14T16:43:37.529Z",
    "updated_at": "2026-04-14T16:43:37.529Z"
  }
},
{
  "model": "orders.orderedfood",
  "pk": 15,
  "fields": {
    "order": 51,
    "payment": 6,
    "user": [
      "djangogreatkart2004@gmail.com"
    ],
    "fooditem": 25,
    "quantity": 1,
    "price": 30.0,
    "amount": 30.0,
    "created_at": "2026-04-14T16:43:37.537Z",
    "updated_at": "2026-04-14T16:43:37.537Z"
  }
},
{
  "model": "orders.orderedfood",
  "pk": 16,
  "fields": {
    "order": 52,
    "payment": 7,
    "user": [
      "djangogreatkart2004@gmail.com"
    ],
    "fooditem": 20,
    "quantity": 1,
    "price": 199.0,
    "amount": 199.0,
    "created_at": "2026-04-14T17:28:29.182Z",
    "updated_at": "2026-04-14T17:28:29.182Z"
  }
},
{
  "model": "orders.orderedfood",
  "pk": 17,
  "fields": {
    "order": 52,
    "payment": 7,
    "user": [
      "djangogreatkart2004@gmail.com"
    ],
    "fooditem": 22,
    "quantity": 1,
    "price": 89.0,
    "amount": 89.0,
    "created_at": "2026-04-14T17:28:29.201Z",
    "updated_at": "2026-04-14T17:28:29.201Z"
  }
},
{
  "model": "orders.orderedfood",
  "pk": 18,
  "fields": {
    "order": 52,
    "payment": 7,
    "user": [
      "djangogreatkart2004@gmail.com"
    ],
    "fooditem": 25,
    "quantity": 1,
    "price": 30.0,
    "amount": 30.0,
    "created_at": "2026-04-14T17:28:29.210Z",
    "updated_at": "2026-04-14T17:28:29.210Z"
  }
},
{
  "model": "orders.orderedfood",
  "pk": 19,
  "fields": {
    "order": 52,
    "payment": 7,
    "user": [
      "djangogreatkart2004@gmail.com"
    ],
    "fooditem": 21,
    "quantity": 1,
    "price": 149.0,
    "amount": 149.0,
    "created_at": "2026-04-14T17:28:29.216Z",
    "updated_at": "2026-04-14T17:28:29.216Z"
  }
},
{
  "model": "orders.orderedfood",
  "pk": 20,
  "fields": {
    "order": 52,
    "payment": 7,
    "user": [
      "djangogreatkart2004@gmail.com"
    ],
    "fooditem": 17,
    "quantity": 1,
    "price": 79.0,
    "amount": 79.0,
    "created_at": "2026-04-14T17:28:29.227Z",
    "updated_at": "2026-04-14T17:28:29.227Z"
  }
},
{
  "model": "orders.orderedfood",
  "pk": 21,
  "fields": {
    "order": 54,
    "payment": 8,
    "user": [
      "djangogreatkart2004@gmail.com"
    ],
    "fooditem": 27,
    "quantity": 1,
    "price": 99.0,
    "amount": 99.0,
    "created_at": "2026-04-15T06:24:01.037Z",
    "updated_at": "2026-04-15T06:24:01.037Z"
  }
},
{
  "model": "orders.orderedfood",
  "pk": 22,
  "fields": {
    "order": 54,
    "payment": 8,
    "user": [
      "djangogreatkart2004@gmail.com"
    ],
    "fooditem": 20,
    "quantity": 1,
    "price": 199.0,
    "amount": 199.0,
    "created_at": "2026-04-15T06:24:01.070Z",
    "updated_at": "2026-04-15T06:24:01.070Z"
  }
},
{
  "model": "orders.orderedfood",
  "pk": 23,
  "fields": {
    "order": 54,
    "payment": 8,
    "user": [
      "djangogreatkart2004@gmail.com"
    ],
    "fooditem": 21,
    "quantity": 1,
    "price": 149.0,
    "amount": 149.0,
    "created_at": "2026-04-15T06:24:01.070Z",
    "updated_at": "2026-04-15T06:24:01.070Z"
  }
},
{
  "model": "orders.orderedfood",
  "pk": 24,
  "fields": {
    "order": 54,
    "payment": 8,
    "user": [
      "djangogreatkart2004@gmail.com"
    ],
    "fooditem": 14,
    "quantity": 1,
    "price": 99.0,
    "amount": 99.0,
    "created_at": "2026-04-15T06:24:01.086Z",
    "updated_at": "2026-04-15T06:24:01.086Z"
  }
},
{
  "model": "orders.orderedfood",
  "pk": 25,
  "fields": {
    "order": 54,
    "payment": 8,
    "user": [
      "djangogreatkart2004@gmail.com"
    ],
    "fooditem": 15,
    "quantity": 1,
    "price": 69.0,
    "amount": 69.0,
    "created_at": "2026-04-15T06:24:01.091Z",
    "updated_at": "2026-04-15T06:24:01.091Z"
  }
}
]
